user_input,ai_input
how cool are pants,"<!DOCTYPE html>
<html lang=""en"">
<head>
    <meta charset=""UTF-8"">
    <meta name=""viewport"" content=""width=device-width, initial-scale=1.0"">
    <title>How Cool Are Pants? A Deep Dive Into Fashion's Most Versatile Garment</title>
    <style>
        * {
            margin: 0;
            padding: 0;
            box-sizing: border-box;
        }

        body {
            font-family: 'Georgia', serif;
            line-height: 1.7;
            color: #2c2c2c;
            background-color: #fafafa;
        }

        .hero-section {
            position: relative;
            width: 100%;
            height: 85vh;
            overflow: hidden;
            background: linear-gradient(135deg, #667eea 0%, #764ba2 100%);
            display: flex;
            align-items: center;
            justify-content: center;
        }

        .hero-image {
            width: 100%;
            height: 100%;
            object-fit: cover;
            opacity: 0.9;
        }

        .hero-overlay {
            position: absolute;
            top: 0;
            left: 0;
            width: 100%;
            height: 100%;
            background: linear-gradient(to bottom, rgba(0,0,0,0.3), rgba(0,0,0,0.6));
            display: flex;
            flex-direction: column;
            align-items: center;
            justify-content: center;
            text-align: center;
            padding: 2rem;
        }

        .hero-title {
            font-size: 4rem;
            color: white;
            font-weight: 700;
            margin-bottom: 1rem;
            text-shadow: 2px 2px 8px rgba(0,0,0,0.4);
            max-width: 900px;
            letter-spacing: -1px;
        }

        .hero-subtitle {
            font-size: 1.5rem;
            color: #f0f0f0;
            font-style: italic;
            text-shadow: 1px 1px 4px rgba(0,0,0,0.3);
        }

        .container {
            max-width: 1200px;
            margin: 0 auto;
            padding: 0 2rem;
        }

        article {
            background: white;
            margin: -100px auto 4rem;
            position: relative;
            z-index: 10;
            padding: 4rem;
            box-shadow: 0 10px 40px rgba(0,0,0,0.1);
            border-radius: 8px;
        }

        .article-intro {
            font-size: 1.3rem;
            font-weight: 600;
            color: #764ba2;
            margin-bottom: 2rem;
            text-align: center;
        }

        h2 {
            font-size: 2.2rem;
            margin: 3rem 0 1.5rem;
            color: #1a1a1a;
            font-weight: 700;
            letter-spacing: -0.5px;
        }

        p {
            font-size: 1.1rem;
            margin-bottom: 1.5rem;
            color: #444;
        }

        strong {
            color: #1a1a1a;
            font-weight: 600;
        }

        .image-feature {
            margin: 3rem 0;
            text-align: center;
        }

        .image-feature img {
            width: 100%;
            max-width: 900px;
            height: auto;
            border-radius: 8px;
            box-shadow: 0 8px 30px rgba(0,0,0,0.12);
        }

        .image-caption {
            font-size: 0.95rem;
            color: #888;
            font-style: italic;
            margin-top: 1rem;
        }

        hr {
            border: none;
            border-top: 1px solid #e0e0e0;
            margin: 2rem 0;
        }

        .closing-note {
            font-style: italic;
            color: #666;
            margin-top: 2rem;
            padding-top: 2rem;
            border-top: 2px solid #f0f0f0;
            text-align: center;
        }

        @media (max-width: 768px) {
            .hero-title {
                font-size: 2.5rem;
            }

            .hero-subtitle {
                font-size: 1.2rem;
            }

            article {
                padding: 2rem;
                margin: -50px 1rem 2rem;
            }

            h2 {
                font-size: 1.8rem;
            }

            p {
                font-size: 1rem;
            }
        }

        .pullquote {
            font-size: 1.5rem;
            font-style: italic;
            color: #667eea;
            padding: 2rem;
            margin: 2rem 0;
            border-left: 4px solid #764ba2;
            background: #f9f9ff;
        }

        .byline {
            text-align: center;
            color: #999;
            font-size: 0.95rem;
            margin-bottom: 3rem;
            font-style: italic;
        }
    </style>
</head>
<body>
    <div class=""hero-section"">
        <img src=""image_1.png"" alt=""Fashion pants showcase"" class=""hero-image"">
        <div class=""hero-overlay"">
            <h1 class=""hero-title"">How Cool Are Pants?</h1>
            <p class=""hero-subtitle"">A Deep Dive Into Fashion's Most Versatile Garment</p>
        </div>
    </div>

    <div class=""container"">
        <article>
            <p class=""article-intro"">Spoiler alert: Incredibly cool.</p>

            <p>In the grand pantheon of clothing items, pants don't always get their due. Dresses make dramatic entrances. Shoes inspire cult-like devotion. Jackets define entire aesthetics. But pants? Pants are the unsung heroes of our wardrobes—the reliable, endlessly adaptable foundation upon which we build our entire identities.</p>

            <p>And it's high time we acknowledged just how genuinely, undeniably cool they are.</p>

            <h2>The Quiet Power of Pants</h2>

            <p>There's something democratizing about pants. They transcend gender, occasion, and personal style in ways few garments can. A well-cut pair of trousers can make you feel invincible—like you could negotiate a merger, attend a gallery opening, or simply grab coffee while looking effortlessly put-together.</p>

            <p>The right jeans? They're like a second skin that somehow makes you look better than your actual skin ever could.</p>

            <h2>A Brief History of Cool</h2>

            <p>Pants have been challenging conventions for centuries. When Katharine Hepburn strutted around Hollywood in wide-legged trousers in the 1930s, she wasn't just making a fashion statement—she was rewriting the rules. Yves Saint Laurent's <em>Le Smoking</em> tuxedo suit in 1966 didn't just give women permission to wear pants; it gave them power.</p>

            <p>Fast forward to the '90s, when oversized cargo pants and baggy jeans became the uniform of cool kids everywhere, proving that sometimes the coolest thing you can do is drown yourself in excess fabric. Then came the 2000s low-rise phenomenon (we don't need to discuss that further), and now we've arrived at an era of glorious diversity: pleats, crops, flares, straights, puddle hems, pintucks, and everything in between.</p>

            <div class=""image-feature"">
                <img src=""image_1.png"" alt=""Various styles of pants through the ages"">
                <p class=""image-caption"">The evolution of pants: from revolutionary to essential</p>
            </div>

            <h2>The Many Moods of Pants</h2>

            <p><strong>Tailored trousers</strong> convey authority. They're the ""I have my life together"" pant, even when you absolutely don't. Add a high waist and a sharp crease, and suddenly you're the protagonist in a Sofia Coppola film.</p>

            <p><strong>Denim</strong> is democracy in fabric form. It works everywhere, with everything, for everyone. A great pair of jeans is perhaps the closest fashion comes to perfection—familiar yet transformative, casual yet capable of being dressed up beyond recognition.</p>

            <p><strong>Wide-leg pants</strong> are having a renaissance, and for good reason. They're architectural. They're elegant. They make that satisfying swishing sound when you walk. They photograph beautifully. They hide a multitude of sins (or just your comfortable shoes).</p>

            <p><strong>Leather pants</strong> remain the domain of people with either tremendous confidence or nothing left to lose, and both groups deserve our respect.</p>

            <p><strong>Track pants and joggers</strong> completed their journey from gym exile to street-style staple, proving that comfort and cool aren't mutually exclusive—pandemic life just made it official.</p>

            <div class=""pullquote"">
                ""The coolest thing about pants might simply be that they don't try to be cool—they just are.""
            </div>

            <h2>The Styling Superpower</h2>

            <p>Here's what makes pants transcendently cool: their chameleonic nature.</p>

            <p>The same pair of black trousers can go from corporate Monday to dinner-party Friday with nothing more than a shoe swap and a different top. Jeans work with sneakers, heels, boots, and even (controversially) flip-flops, depending on your confidence level. Cargo pants—once fashion roadkill—are now legitimately chic when styled with the right proportions.</p>

            <p>Pants don't demand attention the way statement pieces do, but they provide the canvas for everything else to shine. They're the backup singers who could absolutely have solo careers but are too classy to overshadow the lead.</p>

            <h2>The Ultimate Cool Factor</h2>

            <p>You know what's truly cool about pants? They give you pockets. <em>Real</em> pockets. Functional pockets. The kind of pockets that can hold your phone, your keys, your dignity, and possibly your lunch.</p>

            <p>Try getting that from a dress.</p>

            <h2>The Verdict</h2>

            <p>So how cool are pants?</p>

            <p>Monumentally. Historically. Practically. Stylishly.</p>

            <p>They've liberated, elevated, and innovated. They've been rebellious and refined, often simultaneously. They work for everyone and exclude no one. In a fashion landscape obsessed with trends, pants remain perpetually relevant because they're endlessly reinterpretable.</p>

            <p>The coolest thing about pants might simply be that they don't try to be cool—they just are. And that, in fashion as in life, is the coolest thing of all.</p>

            <hr>

            <p class=""closing-note"">Now if you'll excuse me, I need to go contemplate which pants to wear today. It's a serious decision.</p>
        </article>
    </div>
</body>
</html>"
